ProcedureName,ResultName,IsConsoleDefault,IsRawExportable,IsTableExportable,SourceTable,SchemaVersion,SourceSchema,EmptyConsoleMessage
USP_CheckAnalyseAccess,access,1,1,1,#CheckAnalyseAccess_Access,1,"[AnalysisClass] varchar(64) NOT NULL , [AnalysisLevel] varchar(16) NOT NULL , [RequiresGroupGate] bit NOT NULL , [OriginalLoginName] sysname NULL , [EffectiveLoginName] sysname NULL , [IsSysadmin] bit NULL , [ActivePolicyCount] bigint NULL , [RelevantPolicyCount] bigint NULL , [IsAllowed] bit NOT NULL , [AccessReason] varchar(20) NULL , [MatchedGroupCount] bigint NULL , [StatusCode] varchar(40) NOT NULL",Keine fachlichen Ergebnisse
USP_CheckFrameworkCapabilities,capabilities,1,1,1,#CheckFrameworkCapabilities_Capabilities,1,"[FeatureOrdinal] smallint NOT NULL , [FeatureCode] varchar(64) NOT NULL , [FeatureName] nvarchar(200) NOT NULL , [ScopeType] varchar(16) NOT NULL , [AnalysisClass] varchar(64) NOT NULL , [AnalysisLevel] varchar(16) NOT NULL , [IsResourceIntensive] bit NOT NULL , [DatabaseName] sysname NULL , [ServerMajorVersion] int NULL , [ServerProductVersion] nvarchar(128) NULL , [MinimumMajorVersion] tinyint NOT NULL , [VersionSupported] bit NOT NULL , [GroupCheckApplied] bit NOT NULL , [GroupAccessAllowed] bit NULL , [AccessReason] varchar(20) NULL , [RequiredPermissionScope] varchar(16) NOT NULL , [PermissionCheckType] varchar(24) NOT NULL , [RequiredPermission] sysname NULL , [PermissionDisplayText] nvarchar(128) NULL , [HasRequiredPermission] bit NULL , [IsQueryable] bit NOT NULL , [IsFeatureEnabled] bit NULL , [IsUsable] bit NOT NULL , [StatusCode] varchar(40) NOT NULL , [ErrorNumber] int NULL , [ErrorMessage] nvarchar(2048) NULL , [Description] nvarchar(1000) NULL",Keine fachlichen Ergebnisse
USP_CurrentSessions,sessions,1,1,1,#CurrentSessions_Result,2,"[SessionId] smallint NOT NULL, [RequestId] int NULL, [IsUserProcess] bit NOT NULL , [SessionStatus] nvarchar(30) NULL, [RequestStatus] nvarchar(30) NULL , [LoginName] nvarchar(128) NULL, [OriginalLoginName] nvarchar(128) NULL , [HostName] nvarchar(128) NULL, [ProgramName] nvarchar(128) NULL , [IsToolBackgroundQuery] bit NOT NULL , [ToolBackgroundRuleCode] varchar(64) NULL , [ToolBackgroundCategory] varchar(40) NULL , [ToolBackgroundDetection] varchar(40) NULL , [ToolBackgroundConfidence] varchar(16) NULL , [ClientInterfaceName] nvarchar(32) NULL, [LoginTime] datetime NULL , [LastRequestStartTime] datetime NULL, [LastRequestEndTime] datetime NULL , [DatabaseId] smallint NULL, [DatabaseName] sysname NULL , [OpenTransactionCount] int NULL, [TransactionIsolationLevel] nvarchar(40) NULL , [SessionCpuMs] int NULL, [SessionReads] bigint NULL, [SessionWrites] bigint NULL , [SessionLogicalReads] bigint NULL, [SessionMemoryMb] decimal(19,2) NULL , [SessionRowCount] bigint NULL, [RequestCpuMs] int NULL, [RequestElapsedMs] int NULL , [RequestLogicalReads] bigint NULL, [RequestReads] bigint NULL, [RequestWrites] bigint NULL , [BlockingSessionId] smallint NULL, [WaitType] nvarchar(120) NULL, [WaitTimeMs] int NULL , [WaitResource] nvarchar(256) NULL, [PercentComplete] real NULL , [ClientNetAddress] varchar(48) NULL, [NetTransport] nvarchar(40) NULL , [ProtocolType] nvarchar(40) NULL, [EncryptOption] nvarchar(40) NULL , [AuthScheme] nvarchar(40) NULL, [CurrentStatement] nvarchar(max) NULL , [BatchText] nvarchar(max) NULL",Keine aktiven Sessions
USP_CurrentRequests,requests,1,1,1,#CurrentRequests_Result,2,"[SessionId] smallint NOT NULL , [RequestId] int NOT NULL , [RequestStatus] nvarchar(30) NULL , [Command] nvarchar(32) NULL , [DatabaseId] smallint NULL , [DatabaseName] sysname NULL , [LoginName] nvarchar(128) NULL , [OriginalLoginName] nvarchar(128) NULL , [HostName] nvarchar(128) NULL , [ProgramName] nvarchar(128) NULL , [IsToolBackgroundQuery] bit NOT NULL , [ToolBackgroundRuleCode] varchar(64) NULL , [ToolBackgroundCategory] varchar(40) NULL , [ToolBackgroundDetection] varchar(40) NULL , [ToolBackgroundConfidence] varchar(16) NULL , [StartTime] datetime NULL , [ElapsedMs] int NULL , [CpuMs] int NULL , [LogicalReads] bigint NULL , [Reads] bigint NULL , [Writes] bigint NULL , [RowCount] bigint NULL , [PercentComplete] real NULL , [EstimatedCompletionTimeMs] bigint NULL , [BlockingSessionId] smallint NULL , [WaitType] nvarchar(120) NULL , [WaitTimeMs] int NULL , [LastWaitType] nvarchar(120) NULL , [WaitResource] nvarchar(256) NULL , [WaitingTaskCount] int NULL , [MaxTaskWaitMs] bigint NULL , [TaskWaitTypes] nvarchar(max) NULL , [RequestedMemoryMb] decimal(19,2) NULL , [GrantedMemoryMb] decimal(19,2) NULL , [UsedMemoryMb] decimal(19,2) NULL , [IdealMemoryMb] decimal(19,2) NULL , [Dop] smallint NULL , [ParallelWorkerCount] int NULL , [TransactionIsolationLevel] nvarchar(40) NULL , [OpenTransactionCount] int NULL , [OpenResultsetCount] int NULL , [TransactionId] bigint NULL , [ConnectionId] uniqueidentifier NULL , [SchedulerId] int NULL , [TaskAddress] varbinary(8) NULL , [NestLevel] int NULL , [WorkloadGroupId] int NULL , [WorkloadGroupName] sysname NULL , [ResourcePoolId] int NULL , [ResourcePoolName] sysname NULL , [StatementSqlHandle] varbinary(64) NULL , [StatementContextId] bigint NULL , [IsResumable] bit NULL , [ExecutingManagedCode] bit NULL , [ContextInfo] varbinary(128) NULL , [ClientNetAddress] varchar(48) NULL , [QueryHash] binary(8) NULL , [QueryPlanHash] binary(8) NULL , [SqlHandle] varbinary(64) NULL , [PlanHandle] varbinary(64) NULL , [SqlTextDatabaseId] int NULL , [SqlTextObjectId] int NULL , [SqlTextObjectNumber] smallint NULL , [SqlTextIsEncrypted] bit NULL , [ExecutionContextType] varchar(20) NULL , [ModuleDatabaseName] sysname NULL , [ModuleSchemaName] sysname NULL , [ModuleObjectName] sysname NULL , [ModuleType] char(2) NULL , [ModuleTypeDescription] nvarchar(60) NULL , [ModuleFullName] nvarchar(776) NULL , [HasStatementOffsets] bit NULL , [IsStatementOffsetValid] bit NULL , [StatementStartOffsetBytes] int NULL , [StatementEndOffsetBytes] int NULL , [StatementStartCharacter] int NULL , [StatementEndCharacter] int NULL , [StatementStartLine] int NULL , [StatementEndLine] int NULL , [CurrentStatementCharacterCount] int NULL , [CurrentStatementIsTruncated] bit NULL , [BatchTextCharacterCount] int NULL , [BatchTextIsTruncated] bit NULL , [CurrentStatement] nvarchar(max) NULL , [BatchText] nvarchar(max) NULL , [InputBufferEventType] nvarchar(256) NULL , [InputBufferParameterCount] smallint NULL , [InputBufferCharacterCount] int NULL , [InputBufferIsTruncated] bit NULL , [InputBufferText] nvarchar(max) NULL , PRIMARY KEY ([SessionId], [RequestId])",Keine aktiven Requests
USP_CurrentBlocking,blockingChains,1,1,1,#CurrentBlocking_BlockingChains,3,"[LeafSessionId] smallint NOT NULL , [BlockedSessionId] smallint NOT NULL , [BlockingSessionId] smallint NOT NULL , [RootBlockingSessionId] smallint NULL , [BlockingOwnerType] varchar(40) NULL , [BlockingOwnerDescription] nvarchar(512) NULL , [BlockingChain] nvarchar(4000) NULL , [ChainDepth] int NOT NULL , [IsCycle] bit NOT NULL , [WaitType] nvarchar(120) NULL , [WaitTimeMs] bigint NULL , [WaitResource] nvarchar(3072) NULL , [BlockingResourceType] nvarchar(60) NULL , [BlockingResourceDatabaseId] int NULL , [BlockingResourceDatabaseName] sysname NULL , [BlockingResourceSchemaName] sysname NULL , [BlockingResourceObjectId] int NULL , [BlockingResourceObjectName] sysname NULL , [BlockingResourceIndexId] int NULL , [BlockingResourceIndexName] sysname NULL , [BlockingResourcePartitionId] bigint NULL , [BlockingResourcePartitionNumber] int NULL , [BlockingResourceFileId] int NULL , [BlockingResourcePageId] bigint NULL , [BlockingResourceRowId] int NULL , [BlockingResourceMetadataSubtype] nvarchar(60) NULL , [BlockingResourceMetadataName] sysname NULL , [BlockingResourcePageTypeDesc] nvarchar(60) NULL , [BlockingResourceName] nvarchar(1024) NULL , [BlockingResourceResolutionStatus] varchar(40) NULL , [BlockedLoginName] nvarchar(128) NULL , [BlockedHostName] nvarchar(128) NULL , [BlockedProgramName] nvarchar(128) NULL , [BlockedIsToolBackgroundQuery] bit NOT NULL , [BlockedToolBackgroundRuleCode] varchar(64) NULL , [BlockedToolBackgroundCategory] varchar(40) NULL , [BlockedToolBackgroundDetection] varchar(40) NULL , [BlockedToolBackgroundConfidence] varchar(16) NULL , [BlockerLoginName] nvarchar(128) NULL , [BlockerHostName] nvarchar(128) NULL , [BlockerProgramName] nvarchar(128) NULL , [RootBlockerLoginName] nvarchar(128) NULL , [RootBlockerHostName] nvarchar(128) NULL , [RootBlockerProgramName] nvarchar(128) NULL , [RootBlockerSessionStatus] nvarchar(30) NULL , [RootBlockerRequestStatus] nvarchar(30) NULL , [RootBlockerOpenTransactionCount] int NULL , [RootBlockerLastRequestStartTime] datetime NULL , [RootBlockerLastRequestEndTime] datetime NULL , [RootIsToolBackgroundQuery] bit NOT NULL , [RootToolBackgroundRuleCode] varchar(64) NULL , [RootToolBackgroundCategory] varchar(40) NULL , [RootToolBackgroundDetection] varchar(40) NULL , [RootToolBackgroundConfidence] varchar(16) NULL , [BlockedStatement] nvarchar(max) NULL , [BlockerStatement] nvarchar(max) NULL , [RootBlockerStatementSource] varchar(32) NULL , [RootBlockerStatement] nvarchar(max) NULL",Keine Blocking-Ketten
USP_CurrentWaits,currentTasks,1,1,1,#CurrentWaits_Tasks,2,"[SessionId] smallint NULL,[ExecContextId] int NULL,[WaitDurationMs] bigint NULL,[WaitType] nvarchar(120) NULL,[BlockingSessionId] smallint NULL,[ResourceDescription] nvarchar(3072) NULL,[SessionStatus] nvarchar(30) NULL,[RequestStatus] nvarchar(30) NULL,[LoginName] nvarchar(128) NULL,[HostName] nvarchar(128) NULL,[ProgramName] nvarchar(128) NULL,[IsToolBackgroundQuery] bit NOT NULL,[ToolBackgroundRuleCode] varchar(64) NULL,[ToolBackgroundCategory] varchar(40) NULL,[ToolBackgroundDetection] varchar(40) NULL,[ToolBackgroundConfidence] varchar(16) NULL,[DatabaseId] smallint NULL,[Command] nvarchar(32) NULL,[CurrentStatement] nvarchar(max) NULL,[WaitGroup] nvarchar(64) NULL,[WaitSeverity] tinyint NULL,[IsGenerallyBenign] bit NULL,[WaitMeaning] nvarchar(1000) NULL,[WaitTypicalOccurrence] nvarchar(1200) NULL,[HighWaitImpact] nvarchar(1200) NULL,[RecommendedChecks] nvarchar(1500) NULL,[WaitHelpUrl] nvarchar(500) NULL,[DescriptionSource] varchar(40) NULL,[DescriptionQuality] varchar(40) NULL,[CatalogMatchType] varchar(20) NULL",Keine aktiven Waits
USP_CurrentTransactions,transactions,1,1,1,#CurrentTransactions_Result,1,"[SessionId] smallint NOT NULL , [TransactionId] bigint NOT NULL , [TransactionBeginTimeUtc] datetime NULL , [TransactionAgeSeconds] bigint NULL , [TransactionType] int NULL , [TransactionState] int NULL , [OpenTransactionCount] int NULL , [LoginName] nvarchar(128) NULL , [HostName] nvarchar(128) NULL , [ProgramName] nvarchar(128) NULL , [SessionStatus] nvarchar(30) NULL , [RequestStatus] nvarchar(30) NULL , [DatabaseId] int NULL , [DatabaseName] sysname NULL , [LogBytesUsed] bigint NULL , [LogBytesReserved] bigint NULL , [StatementText] nvarchar(max) NULL",Keine aktiven Transaktionen
USP_CurrentMemoryGrants,memoryGrants,1,1,1,#CurrentMemoryGrants_Result,1,"[SessionId] smallint NULL , [RequestId] int NULL , [SchedulerId] int NULL , [Dop] smallint NULL , [RequestTime] datetime NULL , [GrantTime] datetime NULL , [WaitTimeMs] bigint NULL , [IsWaiting] bit NOT NULL , [IsSmall] bit NULL , [RequestedMemoryMb] decimal(19,2) NULL , [RequiredMemoryMb] decimal(19,2) NULL , [GrantedMemoryMb] decimal(19,2) NULL , [UsedMemoryMb] decimal(19,2) NULL , [MaxUsedMemoryMb] decimal(19,2) NULL , [IdealMemoryMb] decimal(19,2) NULL , [GroupId] int NULL , [WorkloadGroupName] sysname NULL , [PoolId] int NULL , [PoolName] sysname NULL , [ResourceSemaphoreId] smallint NULL , [RequestMaxMemoryGrantPercent] decimal(9,4) NULL , [PoolMaxWorkspaceMemoryMb] decimal(19,2) NULL , [PoolTargetWorkspaceMemoryMb] decimal(19,2) NULL , [PoolUsedWorkspaceMemoryMb] decimal(19,2) NULL , [ConfiguredRequestMaxGrantMemoryMb] decimal(19,2) NULL , [TargetRequestMaxGrantMemoryMb] decimal(19,2) NULL , [HistoricalMaxRequestGrantMemoryMb] decimal(19,2) NULL , [RequestedOfRequestMaxPercent] decimal(9,2) NULL , [GrantedOfRequestMaxPercent] decimal(9,2) NULL , [UsedOfRequestMaxPercent] decimal(9,2) NULL , [MaxUsedOfRequestMaxPercent] decimal(9,2) NULL , [IdealOfRequestMaxPercent] decimal(9,2) NULL , [RequestedOfTargetMaxPercent] decimal(9,2) NULL , [GrantedOfTargetMaxPercent] decimal(9,2) NULL , [UsedOfGrantedPercent] decimal(9,2) NULL , [MaxUsedOfGrantedPercent] decimal(9,2) NULL , [SemaphoreTargetMemoryMb] decimal(19,2) NULL , [SemaphoreMaxTargetMemoryMb] decimal(19,2) NULL , [SemaphoreTotalMemoryMb] decimal(19,2) NULL , [SemaphoreAvailableMemoryMb] decimal(19,2) NULL , [SemaphoreGrantedMemoryMb] decimal(19,2) NULL , [SemaphoreUsedMemoryMb] decimal(19,2) NULL , [SemaphoreGranteeCount] int NULL , [SemaphoreWaiterCount] int NULL , [ReservedWorkerCount] bigint NULL , [UsedWorkerCount] bigint NULL , [MaxUsedWorkerCount] bigint NULL , [QueueId] smallint NULL , [WaitOrder] int NULL , [LoginName] nvarchar(128) NULL , [HostName] nvarchar(128) NULL , [ProgramName] nvarchar(128) NULL , [DatabaseId] smallint NULL , [DatabaseName] sysname NULL , [RequestStatus] nvarchar(30) NULL , [Command] nvarchar(32) NULL , [ElapsedMs] int NULL , [CpuMs] int NULL , [LogicalReads] bigint NULL , [CurrentStatement] nvarchar(max) NULL",Keine aktiven Memory Grants
USP_CurrentTempDB,sessions,1,1,1,#CurrentTempDB_Sessions,1,"[SessionId] smallint NOT NULL , [LoginName] nvarchar(128) NULL , [HostName] nvarchar(128) NULL , [ProgramName] nvarchar(128) NULL , [SessionStatus] nvarchar(30) NULL , [UserObjectsAllocatedMb] decimal(19,2) NOT NULL , [UserObjectsDeallocatedMb] decimal(19,2) NOT NULL , [UserObjectsNetMb] decimal(19,2) NOT NULL , [InternalObjectsAllocatedMb] decimal(19,2) NOT NULL , [InternalObjectsDeallocatedMb] decimal(19,2) NOT NULL , [InternalObjectsNetMb] decimal(19,2) NOT NULL , [TotalNetMb] decimal(19,2) NOT NULL",Keine aktive TempDB-Nutzung
USP_CurrentIO,moduleStatus,0,1,1,#CurrentIO_ModuleStatus,1,"[ModuleName] sysname NOT NULL , [CollectionTimeUtc] datetime2(3) NOT NULL , [StatusCode] varchar(40) NOT NULL , [IsPartial] bit NOT NULL , [ReturnedRowCount] bigint NOT NULL , [HasMoreRows] bit NOT NULL , [CrossDatabaseRequested] bit NOT NULL , [SampleSeconds] tinyint NOT NULL , [ErrorNumber] int NULL , [ErrorMessage] nvarchar(2048) NULL",
USP_CurrentIO,files,1,1,1,#CurrentIO_Result,1,"[DatabaseId] int NOT NULL , [DatabaseName] sysname COLLATE SQL_Latin1_General_CP1_CS_AS NOT NULL , [FileId] int NOT NULL , [LogicalName] sysname NULL , [PhysicalName] nvarchar(260) NULL , [FileTypeDesc] nvarchar(60) NULL , [SampleSeconds] int NOT NULL , [Reads] bigint NOT NULL , [ReadBytes] bigint NOT NULL , [ReadStallMs] bigint NOT NULL , [Writes] bigint NOT NULL , [WriteBytes] bigint NOT NULL , [WriteStallMs] bigint NOT NULL , [ReadLatencyMs] decimal(19,3) NULL , [WriteLatencyMs] decimal(19,3) NULL , [OverallLatencyMs] decimal(19,3) NULL , [ReadThroughputMbPerSecond] decimal(19,3) NULL , [WriteThroughputMbPerSecond] decimal(19,3) NULL , [SizeOnDiskMb] decimal(19,2) NULL",Keine I/O-Ergebnisse
USP_CurrentIO,warnings,0,1,1,#CurrentIO_DatabaseCandidateWarnings,1,"[RequestedName] sysname COLLATE SQL_Latin1_General_CP1_CS_AS NULL , [StatusCode] varchar(40) NOT NULL , [ErrorMessage] nvarchar(2048) NULL",
USP_CurrentLog,logs,1,1,1,#CurrentLog_Result,1,"[DatabaseId] int NOT NULL , [DatabaseName] sysname COLLATE SQL_Latin1_General_CP1_CS_AS NOT NULL , [RecoveryModel] nvarchar(60) NULL , [LogReuseWaitDesc] nvarchar(60) NULL , [TotalLogSizeMb] decimal(19,2) NULL , [UsedLogSizeMb] decimal(19,2) NULL , [UsedLogPercent] decimal(19,4) NULL , [LogSinceLastBackupMb] decimal(19,2) NULL , [ActiveVlfCount] bigint NULL , [TotalVlfCount] bigint NULL , [LogTruncationHoldupReason] nvarchar(60) NULL , [LogBackupTime] datetime NULL , [LogRecoverySizeMb] decimal(19,2) NULL , [IsAdrEnabled] bit NULL , [PersistentVersionStoreMb] decimal(19,2) NULL , [SpaceStatus] varchar(40) NOT NULL , [StatsStatus] varchar(40) NOT NULL , [VlfStatus] varchar(40) NOT NULL , [PvsStatus] varchar(40) NOT NULL",Keine Protokollergebnisse
USP_CurrentOverview,moduleStatus,1,1,1,#CurrentOverview_ModuleStatus,1,"[ModuleOrdinal] int NOT NULL , [ResultName] sysname COLLATE SQL_Latin1_General_CP1_CS_AS NOT NULL , [ModuleName] sysname NOT NULL , [StatusCode] varchar(40) NOT NULL , [IsPartial] bit NOT NULL , [ReturnedRowCount] bigint NOT NULL , [DurationMs] bigint NOT NULL , [ErrorMessage] nvarchar(2048) NULL , PRIMARY KEY ([ModuleOrdinal])",Keine aktivierten Module
USP_CurrentOverview,sessions,0,1,1,#CurrentOverview_Sessions,1,[Seed] bit NULL,
USP_CurrentOverview,requests,0,1,1,#CurrentOverview_Requests,1,[Seed] bit NULL,
USP_CurrentOverview,blocking,0,1,1,#CurrentOverview_Blocking,1,[Seed] bit NULL,
USP_CurrentOverview,waits,0,1,1,#CurrentOverview_Waits,1,[Seed] bit NULL,
USP_CurrentOverview,transactions,0,1,1,#CurrentOverview_Transactions,1,[Seed] bit NULL,
USP_CurrentOverview,memoryGrants,0,1,1,#CurrentOverview_MemoryGrants,1,[Seed] bit NULL,
USP_CurrentOverview,tempdbSessions,0,1,1,#CurrentOverview_TempDBSessions,1,[Seed] bit NULL,
USP_CurrentOverview,io,0,1,1,#CurrentOverview_IO,1,[Seed] bit NULL,
USP_CurrentOverview,logs,0,1,1,#CurrentOverview_Logs,1,[Seed] bit NULL,
USP_CurrentOverview,warnings,0,1,1,#CurrentOverview_Warnings,1,"[ModuleName] sysname NOT NULL , [StatusCode] varchar(40) NOT NULL , [Message] nvarchar(2048) NULL",
USP_ObjectInventory,objects,1,1,1,#ObjectInventory_Result,1,"[DatabaseName] sysname NOT NULL , [SchemaName] sysname NOT NULL , [ObjectName] sysname NOT NULL , [ObjectType] varchar(20) NOT NULL , [ObjectId] int NOT NULL , [IsMsShipped] bit NOT NULL , [IsMemoryOptimized] bit NULL , [TemporalTypeDesc] nvarchar(60) NULL , [DurabilityDesc] nvarchar(60) NULL , [CreateDate] datetime NULL , [ModifyDate] datetime NULL , [ObjectRowCount] bigint NULL , [ObjectReservedMb] decimal(19,2) NULL , [ObjectUsedMb] decimal(19,2) NULL , [IndexId] int NULL , [IndexName] sysname NULL , [IndexTypeDesc] nvarchar(60) NULL , [IsUnique] bit NULL , [IsPrimaryKey] bit NULL , [IsUniqueConstraint] bit NULL , [IsDisabled] bit NULL , [IsHypothetical] bit NULL , [HasFilter] bit NULL , [FilterDefinition] nvarchar(max) NULL , [FillFactor] tinyint NULL , [AllowRowLocks] bit NULL , [AllowPageLocks] bit NULL , [OptimizeForSequentialKey] bit NULL , [DataSpaceName] sysname NULL , [PartitionCount] int NULL , [IndexRowCount] bigint NULL , [IndexReservedMb] decimal(19,2) NULL , [IndexUsedMb] decimal(19,2) NULL , [MinCompressionDesc] nvarchar(60) NULL , [MaxCompressionDesc] nvarchar(60) NULL , [HasMixedCompression] bit NULL , [KeyColumns] nvarchar(max) NULL , [IncludedColumns] nvarchar(max) NULL",Keine fachlichen Ergebnisse
USP_IndexUsage,rowstoreIndexes,1,1,1,#IndexUsage_Result,1,"[DatabaseName] sysname NOT NULL , [SchemaName] sysname NOT NULL , [ObjectName] sysname NOT NULL , [ObjectId] int NOT NULL , [IndexId] int NOT NULL , [IndexName] sysname NULL , [IndexTypeDesc] nvarchar(60) NULL , [IsMemoryOptimized] bit NOT NULL , [IsSpatialIndex] bit NOT NULL , [IsPrimaryKey] bit NULL , [IsUniqueConstraint] bit NULL , [IsDisabled] bit NULL , [RowCount] bigint NULL , [UserSeeks] bigint NOT NULL , [UserScans] bigint NOT NULL , [UserLookups] bigint NOT NULL , [UserUpdates] bigint NOT NULL , [TotalUserReads] bigint NOT NULL , [ReadWriteRatio] decimal(19,4) NULL , [LastUserSeek] datetime NULL , [LastUserScan] datetime NULL , [LastUserLookup] datetime NULL , [LastUserUpdate] datetime NULL , [SystemSeeks] bigint NOT NULL , [SystemScans] bigint NOT NULL , [SystemLookups] bigint NOT NULL , [SystemUpdates] bigint NOT NULL , [DmvResetTimeServerLocal] datetime2(3) NULL , [UsageClassification] varchar(48) NOT NULL",Keine fachlichen Ergebnisse
USP_IndexOperationalStats,indexOperationalStats,1,1,1,#IndexOperationalStats_Result,1,"[DatabaseName] sysname NOT NULL, [SchemaName] sysname NULL, [ObjectName] sysname NULL, [ObjectId] int NOT NULL, [IsMemoryOptimized] bit NULL, [IndexId] int NOT NULL, [IndexName] sysname NULL, [IndexTypeDesc] nvarchar(60) NULL, [PartitionNumber] int NOT NULL, [HobtId] bigint NULL, [LeafInsertCount] bigint NOT NULL, [LeafDeleteCount] bigint NOT NULL, [LeafUpdateCount] bigint NOT NULL, [LeafGhostCount] bigint NOT NULL, [LeafPageAllocationCount] bigint NOT NULL, [NonleafPageAllocationCount] bigint NOT NULL, [LeafPageMergeCount] bigint NOT NULL, [RangeScanCount] bigint NOT NULL, [SingletonLookupCount] bigint NOT NULL, [ForwardedFetchCount] bigint NOT NULL, [LobFetchPages] bigint NOT NULL, [RowOverflowFetchPages] bigint NOT NULL, [RowLockCount] bigint NOT NULL, [RowLockWaitCount] bigint NOT NULL, [RowLockWaitMs] bigint NOT NULL, [PageLockCount] bigint NOT NULL, [PageLockWaitCount] bigint NOT NULL, [PageLockWaitMs] bigint NOT NULL, [LockPromotionAttemptCount] bigint NOT NULL, [LockPromotionCount] bigint NOT NULL, [PageLatchWaitCount] bigint NOT NULL, [PageLatchWaitMs] bigint NOT NULL, [PageIoLatchWaitCount] bigint NOT NULL, [PageIoLatchWaitMs] bigint NOT NULL, [TreePageLatchWaitCount] bigint NOT NULL, [TreePageLatchWaitMs] bigint NOT NULL, [PageCompressionAttemptCount] bigint NOT NULL, [PageCompressionSuccessCount] bigint NOT NULL, [LeafAllocationsPerInsert] decimal(19,6) NULL, [LockWaitMsPerWait] decimal(19,4) NULL, [PageLatchWaitMsPerWait] decimal(19,4) NULL, [PageIoLatchWaitMsPerWait] decimal(19,4) NULL, [UsageClassification] varchar(48) NOT NULL",Keine fachlichen Ergebnisse
USP_MissingIndexes,missingIndexes,1,1,1,#MissingIndexes_Result,1,"[DatabaseName] sysname NOT NULL, [SchemaName] sysname NULL, [ObjectName] sysname NULL, [ObjectId] int NULL, [IndexHandle] int NOT NULL, [IndexGroupHandle] int NOT NULL, [UniqueCompiles] bigint NULL, [UserSeeks] bigint NULL, [UserScans] bigint NULL, [TotalUserReads] bigint NULL, [LastUserSeek] datetime NULL, [LastUserScan] datetime NULL, [AvgTotalUserCost] float NULL, [AvgUserImpact] float NULL, [ImprovementMeasure] decimal(28,2) NULL, [EqualityColumns] nvarchar(4000) NULL, [InequalityColumns] nvarchar(4000) NULL, [IncludedColumns] nvarchar(4000) NULL, [StatementName] nvarchar(4000) NULL, [ProposedIndexName] sysname NULL, [ProposedCreateIndex] nvarchar(max) NULL, [WarningText] nvarchar(1000) NOT NULL",Keine fachlichen Ergebnisse
USP_Statistics,statistics,1,1,1,#Statistics_Result,1,"[DatabaseName] sysname NOT NULL,[SchemaName] sysname NOT NULL,[ObjectName] sysname NOT NULL,[ObjectId] int NOT NULL, [StatisticsId] int NOT NULL,[StatisticsName] sysname NOT NULL,[IsIndexStatistics] bit NOT NULL,[IsAutoCreated] bit NULL,[IsUserCreated] bit NULL, [IsFiltered] bit NULL,[FilterDefinition] nvarchar(max) NULL,[NoRecompute] bit NULL,[IsIncremental] bit NULL,[HasPersistedSample] bit NULL, [StatisticsColumns] nvarchar(max) NULL,[LastUpdated] datetime2 NULL,[Rows] bigint NULL,[RowsSampled] bigint NULL,[SamplePercent] decimal(9,4) NULL, [Steps] int NULL,[UnfilteredRows] bigint NULL,[ModificationCounter] bigint NULL,[ModificationPercent] decimal(19,4) NULL, [PersistedSamplePercent] float NULL,[DaysSinceLastUpdate] int NULL,[VisibilityOrState] varchar(40) NOT NULL",Keine fachlichen Ergebnisse
USP_StatisticsDistributionAnalysis,findings,1,1,1,#StatisticsDistributionAnalysis_Findings,1,"[FindingOrdinal] bigint IDENTITY(1,1) NOT NULL , [DatabaseName] sysname NULL , [SchemaName] sysname NULL , [ObjectName] sysname NULL , [StatisticsName] sysname NULL , [Severity] varchar(16) NOT NULL , [Confidence] varchar(16) NOT NULL , [FindingCode] varchar(120) NOT NULL , [MetricName] varchar(80) NOT NULL , [MetricValue] decimal(38,4) NULL , [ThresholdValue] decimal(38,4) NULL , [Evidence] nvarchar(1000) NOT NULL , [EvidenceLimit] nvarchar(1000) NOT NULL , [RecommendedNextCheck] nvarchar(1000) NOT NULL",Keine fachlichen Ergebnisse
USP_Partitions,partitions,1,1,1,#Partitions_Result,1,"[DatabaseName] sysname NOT NULL,[SchemaName] sysname NOT NULL,[ObjectName] sysname NOT NULL,[ObjectId] int NOT NULL, [IndexId] int NOT NULL,[IndexName] sysname NULL,[IndexTypeDesc] nvarchar(60) NULL,[PartitionNumber] int NOT NULL,[PartitionCount] int NOT NULL, [PartitionId] bigint NOT NULL,[HobtId] bigint NULL,[RowCount] bigint NULL,[ReservedMb] decimal(19,2) NULL,[UsedMb] decimal(19,2) NULL, [DataCompressionDesc] nvarchar(60) NULL,[XmlCompressionDesc] varchar(3) NULL,[DataSpaceName] sysname NULL,[DestinationFilegroupName] sysname NULL, [PartitionSchemeName] sysname NULL,[PartitionFunctionName] sysname NULL,[BoundaryOnRight] bit NULL, [LowerBoundaryValue] nvarchar(4000) NULL,[LowerBoundaryInclusive] bit NULL,[UpperBoundaryValue] nvarchar(4000) NULL,[UpperBoundaryInclusive] bit NULL, [HasMixedCompression] bit NOT NULL",Keine fachlichen Ergebnisse
USP_Columnstore,rowgroups,1,1,1,#Columnstore_Result,1,"[DatabaseName] sysname NOT NULL,[SchemaName] sysname NOT NULL,[ObjectName] sysname NOT NULL,[ObjectId] int NOT NULL,[IndexId] int NOT NULL,[IndexName] sysname NULL,[IndexTypeDesc] nvarchar(60) NULL, [PartitionNumber] int NOT NULL,[RowGroupId] int NOT NULL,[StateDesc] nvarchar(60) NULL,[TotalRows] bigint NULL,[DeletedRows] bigint NULL,[ActiveRows] bigint NULL, [DeletedPercent] decimal(9,4) NULL,[FullnessPercent] decimal(9,4) NULL,[SizeMb] decimal(19,2) NULL,[DeltaStoreHobtId] bigint NULL, [TrimReasonDesc] nvarchar(60) NULL,[TransitionToCompressedStateDesc] nvarchar(60) NULL,[HasVertipaqOptimization] bit NULL,[Generation] bigint NULL,[CreatedTime] datetime2 NULL,[ClosedTime] datetime2 NULL, [Assessment] varchar(60) NOT NULL",Keine fachlichen Ergebnisse
USP_IndexPhysicalStats,indexPhysicalStats,1,1,1,#IndexPhysicalStats_Result,1,"[DatabaseName] sysname NOT NULL,[SchemaName] sysname NULL,[ObjectName] sysname NULL,[ObjectId] int NOT NULL,[IndexId] int NOT NULL,[IndexName] sysname NULL,[IndexTypeDesc] nvarchar(60) NULL, [PartitionNumber] int NULL,[IndexLevel] tinyint NULL,[AllocationUnitTypeDesc] nvarchar(60) NULL,[IndexDepth] tinyint NULL,[IndexTypeDescPhysical] nvarchar(60) NULL, [AvgFragmentationPercent] float NULL,[FragmentCount] bigint NULL,[AvgFragmentSizePages] float NULL,[PageCount] bigint NULL,[AvgPageSpaceUsedPercent] float NULL, [RecordCount] bigint NULL,[GhostRecordCount] bigint NULL,[VersionGhostRecordCount] bigint NULL,[MinRecordSizeBytes] int NULL,[MaxRecordSizeBytes] int NULL,[AvgRecordSizeBytes] float NULL, [ForwardedRecordCount] bigint NULL,[CompressedPageCount] bigint NULL,[ScanMode] varchar(16) NOT NULL",Keine fachlichen Ergebnisse
USP_ObjectAnalysis,moduleStatus,1,1,1,#ObjectAnalysis_ModuleStatus,1,"[ModuleName] sysname NOT NULL , [StatusCode] varchar(40) NOT NULL , [ErrorNumber] int NULL , [ErrorMessage] nvarchar(2048) NULL",Keine fachlichen Ergebnisse
USP_SchemaDesignAnalysis,findings,1,1,1,#SchemaDesignAnalysis_Findings,1,"[DatabaseId] int NOT NULL , [DatabaseName] sysname NOT NULL , [FindingCode] varchar(100) NOT NULL , [Severity] varchar(16) NOT NULL , [ObjectType] nvarchar(60) NULL , [SchemaName] sysname NULL , [ObjectName] sysname NULL , [RelatedObjectName] sysname NULL , [MetricValue] decimal(38,4) NULL , [Evidence] nvarchar(1000) NOT NULL , [EvidenceLimit] nvarchar(1000) NOT NULL",Keine fachlichen Ergebnisse
USP_QueryStats,queries,1,1,1,#QueryStats_Result,1,"[QueryHash] binary(8) NULL , [QueryPlanHash] binary(8) NULL , [PlanHandle] varbinary(64) NOT NULL , [SqlHandle] varbinary(64) NOT NULL , [StatementStartOffset] int NOT NULL , [StatementEndOffset] int NOT NULL , [PlanGenerationNumber] bigint NOT NULL , [DatabaseId] int NULL , [DatabaseName] sysname NULL , [ObjectId] int NULL , [StatementText] nvarchar(max) NULL , [BatchText] nvarchar(max) NULL , [CreationTime] datetime NOT NULL , [LastExecutionTime] datetime NOT NULL , [ExecutionCount] bigint NOT NULL , [TotalCpuMs] decimal(38,3) NULL , [LastCpuMs] decimal(38,3) NULL , [MinCpuMs] decimal(38,3) NULL , [MaxCpuMs] decimal(38,3) NULL , [AvgCpuMs] decimal(38,3) NULL , [TotalElapsedMs] decimal(38,3) NULL , [LastElapsedMs] decimal(38,3) NULL , [MinElapsedMs] decimal(38,3) NULL , [MaxElapsedMs] decimal(38,3) NULL , [AvgElapsedMs] decimal(38,3) NULL , [TotalLogicalReads] bigint NOT NULL , [LastLogicalReads] bigint NOT NULL , [AvgLogicalReads] decimal(38,3) NULL , [TotalLogicalWrites] bigint NOT NULL , [LastLogicalWrites] bigint NOT NULL , [AvgLogicalWrites] decimal(38,3) NULL , [TotalPhysicalReads] bigint NOT NULL , [LastPhysicalReads] bigint NOT NULL , [TotalRows] bigint NOT NULL , [LastRows] bigint NOT NULL , [MinRows] bigint NOT NULL , [MaxRows] bigint NOT NULL , [LastDop] bigint NOT NULL , [MinDop] bigint NOT NULL , [MaxDop] bigint NOT NULL , [MaxGrantKb] bigint NOT NULL , [LastGrantKb] bigint NOT NULL , [LastUsedGrantKb] bigint NOT NULL , [LastIdealGrantKb] bigint NOT NULL , [TotalSpilledPages] bigint NOT NULL , [LastSpilledPages] bigint NOT NULL , [CacheObjectType] nvarchar(60) NULL , [ObjectType] nvarchar(60) NULL , [PlanUseCounts] int NULL , [PlanSizeBytes] bigint NULL , [ResourcePoolId] int NULL , [SetOptions] int NULL , [CompileUserId] int NULL , [SortValue] decimal(38,4) NULL",Keine fachlichen Ergebnisse
USP_QueryHashAnalysis,queryHashes,1,1,1,#QueryHashAnalysis_Output,1,"[QueryHash] binary(8) NOT NULL , [PlanVariantCount] int NOT NULL , [PlanHandleCount] int NOT NULL , [CompilationCount] bigint NOT NULL , [ExecutionCount] bigint NOT NULL , [TotalCpuMs] decimal(38,3) NULL , [AvgCpuMs] decimal(38,3) NULL , [TotalElapsedMs] decimal(38,3) NULL , [AvgElapsedMs] decimal(38,3) NULL , [TotalReads] bigint NOT NULL , [AvgReads] decimal(38,3) NULL , [TotalWrites] bigint NOT NULL , [TotalSpills] bigint NOT NULL , [MaxGrantKb] bigint NOT NULL , [FirstCreationTime] datetime NULL , [LastExecutionTime] datetime NULL , [SampleStatementText] nvarchar(max) NULL",Keine fachlichen Ergebnisse
USP_PlanCacheHealth,overview,1,1,1,#PlanCacheHealth_Summary,1,"[CacheObjectType] nvarchar(34),[ObjectType] nvarchar(16),[PlanCount] bigint,[TotalSizeBytes] bigint,[SingleUsePlanCount] bigint,[SingleUseSizeBytes] bigint,[TotalUseCounts] bigint,[AverageUseCount] decimal(19,4)",Keine fachlichen Ergebnisse
USP_PlanDetails,candidates,1,1,1,#PlanDetails_CandidatesOutput,1,"[CandidateId] int,[SessionId] smallint NULL,[RequestId] int NULL,[PlanHandle] varbinary(64) NULL,[SqlHandle] varbinary(64) NULL , [QueryHash] binary(8) NULL,[QueryPlanHash] binary(8) NULL,[StatementStartOffset] int NULL,[StatementEndOffset] int NULL , [CreationTime] datetime NULL,[LastExecutionTime] datetime NULL,[ExecutionCount] bigint NULL,[StatementText] nvarchar(max) NULL , [BatchText] nvarchar(max) NULL,[SqlTextDatabaseId] int NULL,[SqlTextDatabaseName] sysname NULL,[SqlTextObjectId] int NULL",Keine fachlichen Ergebnisse
USP_ShowplanAnalysis,findings,1,1,1,#ShowplanAnalysis_Findings,1,"[CandidateId] int,[FindingType] varchar(64),[Severity] varchar(16),[NodeId] int NULL,[PhysicalOp] nvarchar(128) NULL,[LogicalOp] nvarchar(128) NULL,[Detail] nvarchar(4000) NULL",Keine fachlichen Ergebnisse
USP_PlanCacheAnalysis,moduleStatus,1,1,1,#PlanCacheAnalysis_MonitorTableResult,1,"[ExecutionOrdinal] tinyint NOT NULL , [ModuleName] sysname NOT NULL , [InvocationStatus] varchar(40) NOT NULL , [ErrorNumber] int NULL , [ErrorMessage] nvarchar(2048) NULL",Keine fachlichen Ergebnisse
USP_QueryStoreStatus,queryStoreStatus,1,1,1,#QueryStoreStatus_Result,1,"[DatabaseId] int NULL , [DatabaseName] sysname NOT NULL , [DesiredState] smallint NULL , [DesiredStateDesc] nvarchar(60) NULL , [ActualState] smallint NULL , [ActualStateDesc] nvarchar(60) NULL , [ReadonlyReason] int NULL , [CurrentStorageSizeMb] bigint NULL , [MaxStorageSizeMb] bigint NULL , [StorageUsedPercent] decimal(9,2) NULL , [FlushIntervalSeconds] bigint NULL , [IntervalLengthMinutes] bigint NULL , [StaleQueryThresholdDays] bigint NULL , [MaxPlansPerQuery] bigint NULL , [QueryCaptureMode] smallint NULL , [QueryCaptureModeDesc] nvarchar(60) NULL , [SizeBasedCleanupMode] smallint NULL , [SizeBasedCleanupModeDesc] nvarchar(60) NULL , [WaitStatsCaptureMode] smallint NULL , [WaitStatsCaptureModeDesc] nvarchar(60) NULL , [CapturePolicyExecutionCount] int NULL , [CapturePolicyTotalCompileCpuTimeMs] bigint NULL , [CapturePolicyTotalExecutionCpuTimeMs] bigint NULL , [CapturePolicyStaleThresholdHours] int NULL , [IsEnabled] bit NULL , [IsWritable] bit NULL , [StatusHint] nvarchar(1000) NULL",Keine fachlichen Ergebnisse
USP_QueryStoreRuntimeStats,runtimeStats,1,1,1,#QueryStoreRuntimeStats_Result,1,"[QueryStoreDatabaseId] int NULL , [QueryStoreDatabaseName] sysname NOT NULL , [QueryId] bigint NOT NULL , [PlanId] bigint NOT NULL , [QueryHash] binary(8) NULL , [QueryPlanHash] binary(8) NULL , [ObjectId] bigint NULL , [ObjectName] nvarchar(517) NULL , [ExecutionTypeDesc] nvarchar(60) NULL , [FirstExecutionTimeUtc] datetimeoffset NULL , [LastExecutionTimeUtc] datetimeoffset NULL , [ExecutionCount] bigint NULL , [TotalDurationMs] decimal(38,3) NULL , [AverageDurationMs] decimal(38,3) NULL , [TotalCpuMs] decimal(38,3) NULL , [AverageCpuMs] decimal(38,3) NULL , [TotalLogicalReads] decimal(38,3) NULL , [AverageLogicalReads] decimal(38,3) NULL , [TotalLogicalWrites] decimal(38,3) NULL , [AverageLogicalWrites] decimal(38,3) NULL , [TotalPhysicalReads] decimal(38,3) NULL , [TotalMemoryGrantKb] decimal(38,3) NULL , [MaxMemoryGrantKb] decimal(38,3) NULL , [TotalRowCount] decimal(38,3) NULL , [TotalLogBytes] decimal(38,3) NULL , [TotalTempdbKb] decimal(38,3) NULL , [QuerySqlText] nvarchar(max) NULL , [QueryPlan] nvarchar(max) NULL",Keine fachlichen Ergebnisse
USP_QueryStoreWaitStats,waitStats,1,1,1,#QueryStoreWaitStats_Result,1,"[QueryStoreDatabaseId] int,[QueryStoreDatabaseName] sysname,[QueryId] bigint,[PlanId] bigint,[QueryHash] binary(8),[QueryPlanHash] binary(8),[WaitCategory] tinyint,[WaitCategoryDesc] nvarchar(128),[ExecutionTypeDesc] nvarchar(128),[FirstIntervalStartUtc] datetimeoffset,[LastIntervalEndUtc] datetimeoffset,[RecordedRows] bigint,[TotalQueryWaitTimeMs] bigint,[AverageRecordedQueryWaitTimeMs] decimal(38,3),[MaxQueryWaitTimeMs] bigint,[QuerySqlText] nvarchar(max)",Keine fachlichen Ergebnisse
USP_QueryStorePlanChanges,queries,1,1,1,#QueryStorePlanChanges_Summary,1,"[QueryStoreDatabaseId] int,[QueryStoreDatabaseName] sysname,[QueryId] bigint,[QueryHash] binary(8),[ObjectId] bigint NULL,[ObjectName] nvarchar(517) NULL,[PlanCount] bigint,[ForcedPlanCount] bigint,[DistinctPlanHashCount] bigint,[FirstCompileTimeUtc] datetimeoffset NULL,[LastCompileTimeUtc] datetimeoffset NULL,[LastExecutionTimeUtc] datetimeoffset NULL,[TotalCompiles] bigint,[QuerySqlText] nvarchar(max)",Keine fachlichen Ergebnisse
USP_QueryStoreRegressions,regressions,1,1,1,#QueryStoreRegressions_Result,1,"[QueryStoreDatabaseId] int,[QueryStoreDatabaseName] sysname,[QueryId] bigint,[QueryHash] binary(8),[ObjectId] bigint NULL,[ObjectName] nvarchar(517) NULL,[BaselineExecutions] bigint,[ComparisonExecutions] bigint,[BaselinePlanCount] bigint,[ComparisonPlanCount] bigint,[BaselineValue] decimal(38,3),[ComparisonValue] decimal(38,3),[AbsoluteChange] decimal(38,3),[RegressionPercent] decimal(38,3),[LastExecutionTimeUtc] datetimeoffset,[QuerySqlText] nvarchar(max)",Keine fachlichen Ergebnisse
USP_QueryStoreForcedPlans,forcedPlans,1,1,1,#QueryStoreForcedPlans_Result,1,"[QueryStoreDatabaseId] int,[QueryStoreDatabaseName] sysname,[QueryId] bigint,[PlanId] bigint,[QueryHash] binary(8),[QueryPlanHash] binary(8),[ObjectId] bigint NULL,[ObjectName] nvarchar(517) NULL,[IsForcedPlan] bit,[PlanForcingTypeDesc] nvarchar(60),[ForceFailureCount] bigint,[LastForceFailureReason] int,[LastForceFailureReasonDesc] nvarchar(128),[CountCompiles] bigint,[LastCompileStartTimeUtc] datetimeoffset,[LastExecutionTimeUtc] datetimeoffset,[EngineVersion] nvarchar(32),[CompatibilityLevel] smallint,[QuerySqlText] nvarchar(max),[QueryPlan] nvarchar(max) NULL",Keine fachlichen Ergebnisse
USP_QueryStoreHints,queryHints,1,1,1,#QueryStoreHints_Result,1,"[QueryStoreDatabaseId] int,[QueryStoreDatabaseName] sysname,[QueryHintId] bigint,[QueryId] bigint,[ReplicaGroupId] bigint,[QueryHash] binary(8),[QueryHintText] nvarchar(max),[LastQueryHintFailureReason] int,[LastQueryHintFailureReasonDesc] nvarchar(128),[QueryHintFailureCount] bigint,[Source] int,[SourceDesc] nvarchar(128),[QuerySqlText] nvarchar(max)",Keine fachlichen Ergebnisse
USP_QueryStoreAnalysis,moduleStatus,1,1,1,#QueryStoreAnalysis_MonitorTableResult,1,"[ExecutionOrdinal] tinyint NOT NULL , [ModuleName] sysname NOT NULL , [InvocationStatus] varchar(40) NOT NULL , [ErrorNumber] int NULL , [ErrorMessage] nvarchar(2048) NULL",Keine fachlichen Ergebnisse
USP_IntelligentQueryProcessingAnalysis,signals,1,1,1,#IntelligentQueryProcessingAnalysis_Signals,1,"[DatabaseId] int NOT NULL , [DatabaseName] sysname NOT NULL , [SignalCode] varchar(80) NOT NULL , [IsSourceAvailable] bit NOT NULL , [EvidenceCount] bigint NULL , [Interpretation] nvarchar(1000) NOT NULL",Keine fachlichen Ergebnisse
USP_ExtendedEventsSessions,sessions,1,1,1,#ExtendedEventsSessions_Sessions,1,"[EventSessionId] int NOT NULL, [SessionName] sysname NOT NULL, [IsRunning] bit NOT NULL, [StartupState] bit NULL, [EventRetentionMode] nchar(1) NULL, [EventRetentionModeDesc] nvarchar(60) NULL, [MaxDispatchLatencyMilliseconds] int NULL, [MaxMemoryKb] int NULL, [MaxEventSizeKb] int NULL, [MemoryPartitionMode] nchar(1) NULL, [MemoryPartitionModeDesc] nvarchar(60) NULL, [TrackCausality] bit NULL, [RunningSince] datetime NULL, [PendingBuffers] int NULL, [TotalRegularBuffers] int NULL, [RegularBufferSizeBytes] bigint NULL, [TotalLargeBuffers] int NULL, [LargeBufferSizeBytes] bigint NULL, [TotalBufferSizeBytes] bigint NULL, [BufferPolicyDesc] nvarchar(256) NULL, [DroppedEventCount] int NULL, [DroppedBufferCount] int NULL, [BlockedEventFireTimeMilliseconds] int NULL, [LargestEventDroppedSizeBytes] int NULL, [BufferProcessedCount] bigint NULL, [BufferFullCount] bigint NULL, [TotalBytesGenerated] bigint NULL, [TotalTargetMemoryBytes] bigint NULL, [EventCount] int NULL, [TargetCount] int NULL, [ActionCount] int NULL, [HasRingBuffer] bit NULL, [HasEventFile] bit NULL",Keine fachlichen Ergebnisse
USP_ExtendedEventsReadEvents,events,1,1,1,#ExtendedEventsReadEvents_Raw,1,"[SourceType] varchar(20) NOT NULL, [EventName] sysname NULL, [TimestampUtc] datetime2(7) NULL, [FileName] nvarchar(260) NULL, [FileOffset] bigint NULL, [EventXml] xml NULL",Keine fachlichen Ergebnisse
USP_ExtendedEventsDeadlocks,deadlocks,1,1,1,#ExtendedEventsDeadlocks_DeadlockSummary,1,"[DeadlockId] int,[SourceType] varchar(20),[DeadlockTimeUtc] datetime2(7),[FileName] nvarchar(260),[FileOffset] bigint,[VictimCount] int,[ProcessCount] int,[ResourceCount] int,[FirstDatabaseId] int NULL,[DeadlockXml] xml NULL",Keine fachlichen Ergebnisse
USP_ExtendedEventsBlockedProcesses,reports,1,1,1,#ExtendedEventsBlockedProcesses_ReportSummary,1,"[ReportId] int,[SourceType] varchar(20),[ReportTimeUtc] datetime2(7),[FileName] nvarchar(260),[FileOffset] bigint,[MonitorLoop] bigint NULL,[BlockedSessionId] int NULL,[BlockingSessionId] int NULL,[WaitTimeMs] bigint NULL,[DatabaseId] int NULL,[DatabaseName] nvarchar(256),[WaitResource] nvarchar(1024),[RequestedLockMode] nvarchar(64),[ReportXml] xml NULL",Keine fachlichen Ergebnisse
USP_ExtendedEventsTargetRuntime,targets,1,1,1,#ExtendedEventsTargetRuntime_Result,1,"[SessionName] nvarchar(256) NOT NULL, [TargetName] nvarchar(60) NOT NULL, [SessionCreateTime] datetime NULL, [ExecutionCount] bigint NOT NULL, [ExecutionDurationMs] bigint NOT NULL, [BytesWritten] bigint NOT NULL, [TargetDataCharacters] int NULL, [TargetDataPrefix] nvarchar(max) NULL",Keine fachlichen Ergebnisse
USP_ExtendedEventsAnalysis,moduleStatus,1,1,1,#ExtendedEventsAnalysis_MonitorTableResult,1,"[ExecutionOrdinal] tinyint NOT NULL , [ModuleName] sysname NOT NULL , [InvocationStatus] varchar(40) NOT NULL , [ErrorNumber] int NULL , [ErrorMessage] nvarchar(2048) NULL",Keine fachlichen Ergebnisse
USP_AgentStatus,agentStatus,1,1,1,#AgentStatus_AgentStatus,1,"[ServiceName] nvarchar(256) NULL , [StartupTypeDesc] nvarchar(60) NULL , [StatusDesc] nvarchar(60) NULL , [ProcessId] int NULL , [LastStartupTime] datetime2(3) NULL , [AgentSessionId] int NULL , [JobCount] int NULL , [EnabledJobCount] int NULL",Keine fachlichen Ergebnisse
USP_AgentJobs,jobs,1,1,1,#AgentJobs_Jobs,1,"[JobId] uniqueidentifier , [JobName] sysname , [Enabled] bit , [OwnerName] sysname , [CategoryName] sysname , [IsRunning] bit , [RunStart] datetime , [RunningMinutes] int , [LastRunDateTime] datetime , [LastRunStatus] int , [LastRunStatusDesc] nvarchar(60) , [LastRunDurationSeconds] int , [LastMessage] nvarchar(4000) , [ScheduleCount] int , [EnabledScheduleCount] int , [StepCount] int , [ProblemCode] varchar(100)",Keine fachlichen Ergebnisse
USP_ResourceGovernorAnalysis,configuration,1,1,1,#ResourceGovernorAnalysis_Cfg,1,"[ClassifierFunctionId] int NULL , [IsEnabled] bit NULL , [ReconfigurationPending] bit NULL , [ClassifierFunctionName] nvarchar(517) NULL",Keine fachlichen Ergebnisse
USP_AvailabilityGroups,replicas,1,1,1,#AvailabilityGroups_R,1,"[AgName] sysname,[ReplicaServerName] nvarchar(256),[LocalReplica] bit,[RoleDesc] nvarchar(60),[OperationalStateDesc] nvarchar(60),[ConnectedStateDesc] nvarchar(60),[RecoveryHealthDesc] nvarchar(60),[SynchronizationHealthDesc] nvarchar(60),[AvailabilityModeDesc] nvarchar(60),[FailoverModeDesc] nvarchar(60),[SessionTimeout] int,[EndpointUrl] nvarchar(256),[PrimaryRoleAllowConnectionsDesc] nvarchar(60),[SecondaryRoleAllowConnectionsDesc] nvarchar(60),[ReadOnlyRoutingUrl] nvarchar(256)",Keine fachlichen Ergebnisse
USP_BackupRecovery,freshness,1,1,1,#BackupRecovery_Fresh,1,"[DatabaseName] sysname , [StateDesc] nvarchar(60) , [RecoveryModelDesc] nvarchar(60) , [LastFullFinish] datetime , [FullAgeMinutes] int , [LastDiffFinish] datetime , [DiffAgeMinutes] int , [LastLogFinish] datetime , [LogAgeMinutes] int , [LastCopyOnlyFullFinish] datetime , [BackupStatus] varchar(100)",Keine fachlichen Ergebnisse
USP_LogShippingStatus,primary,1,1,1,#LogShippingStatus_P,1,"[PrimaryServer] sysname,[PrimaryDatabase] sysname,[BackupDirectory] nvarchar(500),[BackupShare] nvarchar(500),[BackupRetentionPeriod] int,[BackupThreshold] int,[ThresholdAlertEnabled] bit,[LastBackupFile] nvarchar(500),[LastBackupDate] datetime,[BackupAgeMinutes] int,[LastBackupDateUtc] datetime,[HistoryRetentionPeriod] int",Keine fachlichen Ergebnisse
USP_ReplicationStatus,databases,1,1,1,#ReplicationStatus_Db,1,"[DatabaseName] sysname,[IsPublished] bit,[IsSubscribed] bit,[IsMergePublished] bit,[IsDistributor] bit",Keine fachlichen Ergebnisse
USP_DataCaptureStatus,databases,1,1,1,#DataCaptureStatus_Db,1,"[DatabaseName] sysname COLLATE SQL_Latin1_General_CP1_CS_AS NOT NULL , [StateDesc] nvarchar(60) NULL , [IsCdcEnabled] bit NULL , [IsChangeTrackingEnabled] bit NULL , [RetentionPeriod] bigint NULL , [RetentionPeriodUnitsDesc] nvarchar(60) NULL , [IsAutoCleanupOn] bit NULL , [CurrentCtVersion] bigint NULL , [StatusCode] varchar(40) NOT NULL , [ErrorMessage] nvarchar(2048) NULL",Keine fachlichen Ergebnisse
USP_InfrastructureAnalysis,moduleStatus,1,1,1,#InfrastructureAnalysis_ModuleStatus,1,"[ModuleName] sysname NOT NULL , [StatusCode] varchar(40) NOT NULL , [ErrorNumber] int NULL , [ErrorMessage] nvarchar(2048) NULL",Keine fachlichen Ergebnisse
USP_BackupChainAnalysis,summary,1,1,1,#BackupChainAnalysis_Summary,1,"[DatabaseId] int NOT NULL , [DatabaseName] sysname NOT NULL , [RecoveryModelDesc] nvarchar(60) NULL , [LatestFullFinish] datetime NULL , [LatestMatchingDifferentialFinish] datetime NULL , [LatestLogFinish] datetime NULL , [LogBackupCountInWindow] bigint NOT NULL , [LogGapCountInWindow] bigint NOT NULL , [RecoveryForkTransitionCount] bigint NOT NULL , [DamagedBackupCount] bigint NOT NULL , [BackupWithoutChecksumCount] bigint NOT NULL , [LatestRestoreDate] datetime NULL , [FindingCode] varchar(100) NOT NULL , [FindingSeverity] varchar(16) NOT NULL , [EvidenceLimit] nvarchar(1000) NOT NULL",Keine fachlichen Ergebnisse
USP_AvailabilityDeepAnalysis,replicas,1,1,1,#AvailabilityDeepAnalysis_Replicas,1,"[AvailabilityGroupName] sysname NULL , [ReplicaServerName] nvarchar(256) NULL , [IsLocal] bit NULL , [RoleDesc] nvarchar(60) NULL , [OperationalStateDesc] nvarchar(60) NULL , [ConnectedStateDesc] nvarchar(60) NULL , [SynchronizationHealthDesc] nvarchar(60) NULL , [AvailabilityModeDesc] nvarchar(60) NULL , [FailoverModeDesc] nvarchar(60) NULL , [SeedingModeDesc] nvarchar(60) NULL , [FindingCode] varchar(80) NOT NULL",Keine fachlichen Ergebnisse
USP_AgentMonitoringAnalysis,findings,1,1,1,#AgentMonitoringAnalysis_Findings,1,"[Category] varchar(40) NOT NULL , [FindingCode] varchar(100) NOT NULL , [Severity] varchar(16) NOT NULL , [ScopeType] nvarchar(40) NOT NULL , [ScopeName] nvarchar(256) NULL , [MetricValue] bigint NULL , [Evidence] nvarchar(1000) NOT NULL , [EvidenceLimit] nvarchar(1000) NOT NULL",Keine fachlichen Ergebnisse
USP_MaintenanceOperations,resumableOperations,1,1,1,#MaintenanceOperations_Resumable,1,"[DatabaseId] int NOT NULL,[DatabaseName] sysname NOT NULL,[SchemaName] sysname NULL , [ObjectName] sysname NULL,[IndexName] sysname NULL,[PartitionNumber] int NULL , [StateDesc] nvarchar(60) NULL,[StartTime] datetime NULL,[LastPauseTime] datetime NULL , [TotalExecutionTimeMinutes] bigint NULL,[PercentComplete] real NULL,[PageCount] bigint NULL , [FindingCode] varchar(100) NOT NULL,[FindingSeverity] varchar(16) NOT NULL , [EvidenceLimit] nvarchar(1000) NOT NULL",Keine fachlichen Ergebnisse
USP_ServerCpuTopology,cpuTopology,1,1,1,#ServerCpuTopology_I,1,"[cpu_count] int,[scheduler_count] int,[hyperthread_ratio] int,[socket_count] int,[cores_per_socket] int,[numa_node_count] int,[softnuma_configuration_desc] nvarchar(60),[sqlserver_start_time] datetime,[affinity_type_desc] nvarchar(60)",Keine fachlichen Ergebnisse
USP_ServerNuma,numaNodes,1,1,1,#ServerNuma_N,1,"[node_id] int,[node_state_desc] nvarchar(60),[memory_node_id] int,[online_scheduler_count] int,[idle_scheduler_count] int,[active_worker_count] int,[avg_load_balance] bigint,[SchedulerCount] bigint,[VisibleOnline] bigint,[CurrentTasks] bigint,[RunnableTasks] bigint,[ActiveWorkers] bigint,[LoadFactor] bigint,[RunnablePerScheduler] decimal(19,4),[Finding] varchar(50)",Keine fachlichen Ergebnisse
USP_ServerMemory,summary,1,1,1,#ServerMemory_Summary,1,"[total_physical_memory_kb] bigint,[available_physical_memory_kb] bigint,[system_memory_state_desc] nvarchar(256),[physical_memory_in_use_kb] bigint,[locked_page_allocations_kb] bigint,[large_page_allocations_kb] bigint,[process_physical_memory_low] bit,[process_virtual_memory_low] bit,[committed_kb] bigint,[committed_target_kb] bigint,[visible_target_kb] bigint,[sql_memory_model_desc] nvarchar(60),[min_server_memory_mb] bigint,[max_server_memory_mb] bigint,[LPIMAssessment] varchar(50),[MemoryFinding] varchar(60)",Keine fachlichen Ergebnisse
USP_TempDBConfiguration,files,1,1,1,#TempDBConfiguration_F,1,"[file_id] int,[name] sysname,[type_desc] nvarchar(60),[physical_name] nvarchar(260),[SizeMb] decimal(19,2),[GrowthValue] decimal(19,2),[GrowthType] varchar(10),[max_size] int,[is_percent_growth] bit",Keine fachlichen Ergebnisse
USP_ServerConfiguration,configuration,1,1,1,#ServerConfiguration_C,1,"[configuration_id] int,[name] nvarchar(128),[minimum] sql_variant,[maximum] sql_variant,[ConfiguredValue] sql_variant,[RunningValue] sql_variant,[is_dynamic] bit,[is_advanced] bit,[Finding] varchar(60),[Interpretation] nvarchar(1000)",Keine fachlichen Ergebnisse
USP_TraceFlags,traceFlags,1,1,1,#TraceFlags_X,1,"[TraceFlag] int,[Status] int,[GlobalFlag] int,[SessionFlag] int",Keine fachlichen Ergebnisse
USP_StartupParameters,startupParameters,1,1,1,#StartupParameters_X,1,"[registry_key] nvarchar(512),[value_name] nvarchar(256),[value_data] nvarchar(2048),[ParameterType] varchar(40)",Keine fachlichen Ergebnisse
USP_OSInformation,host,1,1,1,#OSInformation_H,1,"[host_platform] nvarchar(60),[host_distribution] nvarchar(256),[host_release] nvarchar(256),[host_service_pack_level] nvarchar(256),[host_sku] int,[os_language_version] int",Keine fachlichen Ergebnisse
USP_ServerSecurityConfiguration,configuration,1,1,1,#ServerSecurityConfiguration_Configuration,1,"[ConfigurationName] nvarchar(128) NOT NULL, [ConfiguredValue] sql_variant NULL, [RunningValue] sql_variant NULL, [Finding] varchar(60) NOT NULL",Keine fachlichen Ergebnisse
USP_ServerHealthAnalysis,moduleStatus,1,1,1,#ServerHealthAnalysis_ModuleStatus,1,"[Ordinal] tinyint NOT NULL , [ModuleName] sysname NOT NULL , [StatusCode] varchar(40) NOT NULL , [IsPartial] bit NOT NULL , [ErrorNumber] int NULL , [ErrorMessage] nvarchar(2048) NULL",Keine fachlichen Ergebnisse
USP_DatabaseIntegrityAnalysis,integrity,1,1,1,#DatabaseIntegrityAnalysis_Integrity,1,"[DatabaseId] int NOT NULL , [DatabaseName] sysname NOT NULL , [StateDesc] nvarchar(60) NULL , [PageVerifyOptionDesc] nvarchar(60) NULL , [LastGoodCheckDbTime] datetime2(3) NULL , [CheckdbAgeHours] bigint NULL , [SuspectPageCount] bigint NOT NULL , [LatestSuspectPageUtc] datetime NULL , [DamagedBackupCount] bigint NOT NULL , [BackupWithoutChecksumCount] bigint NOT NULL , [HadrPageRepairCount] bigint NOT NULL , [HadrPageRepairPendingCount] bigint NOT NULL , [FindingCode] varchar(80) NOT NULL , [EvidenceLimit] nvarchar(1000) NOT NULL",Keine fachlichen Ergebnisse
USP_DatabaseCapacityAnalysis,capacity,1,1,1,#DatabaseCapacityAnalysis_Capacity,1,"[DatabaseId] int NULL , [DatabaseName] sysname NULL , [FileId] int NULL , [LogicalFileName] sysname NULL , [FileTypeDesc] nvarchar(60) NULL , [PhysicalName] nvarchar(260) NULL , [FileSizeMb] decimal(19,2) NULL , [UsedInFileMb] decimal(19,2) NULL , [FreeInFileMb] decimal(19,2) NULL , [FreeInFilePercent] decimal(9,2) NULL , [GrowthDescription] nvarchar(80) NULL , [NextGrowthMb] decimal(19,2) NULL , [MaxSizeMb] decimal(19,2) NULL , [VolumeMountPoint] nvarchar(512) NULL , [LogicalVolumeName] nvarchar(512) NULL , [VolumeTotalMb] decimal(19,2) NULL , [VolumeAvailableMb] decimal(19,2) NULL , [VolumeFreePercent] decimal(9,2) NULL , [FindingCode] varchar(80) NULL , [EvidenceLimit] nvarchar(500) NOT NULL",Keine fachlichen Ergebnisse
USP_PerformanceCounters,counters,1,1,1,#PerformanceCounters_Result,1,"[ObjectName] nvarchar(128) NOT NULL , [CounterName] nvarchar(128) NOT NULL , [InstanceName] nvarchar(128) NOT NULL , [CounterType] int NOT NULL , [Interpretation] varchar(40) NOT NULL , [MetricValue] decimal(38,6) NULL , [MetricUnit] varchar(40) NOT NULL , [BeforeValue] bigint NULL , [AfterValue] bigint NOT NULL , [BaseBeforeValue] bigint NULL , [BaseAfterValue] bigint NULL , [DeltaValue] bigint NULL , [BaseDeltaValue] bigint NULL , [SampleSeconds] decimal(19,6) NULL , [SqlServerStartTime] datetime2(3) NULL , [FindingCode] varchar(80) NOT NULL",Keine fachlichen Ergebnisse
USP_CriticalEngineEvents,events,1,1,1,#CriticalEngineEvents_Events,1,"[TimestampUtc] datetime2(7) NULL , [EventName] sysname NULL , [ErrorNumber] int NULL , [Severity] int NULL , [ComponentName] sysname NULL , [StateDesc] sysname NULL , [MessageText] nvarchar(4000) NULL , [FindingCode] varchar(100) NOT NULL , [EventXml] xml NULL",Keine fachlichen Ergebnisse
USP_InternalContentionAnalysis,latches,1,1,1,#InternalContentionAnalysis_LatchResult,1,"[LatchClass] nvarchar(120) NOT NULL , [MeasurementKind] varchar(30) NOT NULL , [WaitingRequests] bigint NULL , [WaitTimeMs] bigint NULL , [MaxObservedWaitTimeMs] bigint NULL , [WaitsPerSecond] decimal(19,4) NULL , [WaitMsPerSecond] decimal(19,4) NULL , [CounterResetDetected] bit NOT NULL",Keine fachlichen Ergebnisse
USP_BufferPoolAnalysis,memory,1,1,1,#BufferPoolAnalysis_MemorySnapshot,1,"[PhysicalMemoryInUseKb] bigint NULL , [LockedPageAllocationsKb] bigint NULL , [LargePageAllocationsKb] bigint NULL , [MemoryUtilizationPercent] int NULL , [AvailableCommitLimitKb] bigint NULL , [ProcessPhysicalMemoryLow] bit NULL , [ProcessVirtualMemoryLow] bit NULL , [TotalPhysicalMemoryKb] bigint NULL , [AvailablePhysicalMemoryKb] bigint NULL , [AvailablePhysicalMemoryPercent] decimal(9,2) NULL , [SystemMemoryStateDesc] nvarchar(256) NULL , [FindingCode] varchar(80) NOT NULL , [FindingSeverity] varchar(16) NOT NULL , [EvidenceLimit] nvarchar(1000) NOT NULL",Keine fachlichen Ergebnisse
USP_DiagnosticFindings,findings,1,1,1,#DiagnosticFindings_Findings,1,"[FindingOrdinal] bigint IDENTITY(1,1) NOT NULL , [SourceModule] sysname NOT NULL , [Category] varchar(60) NOT NULL , [Severity] varchar(16) NOT NULL , [Confidence] varchar(16) NOT NULL , [ScopeType] nvarchar(60) NOT NULL , [ScopeName] nvarchar(512) NULL , [FindingCode] varchar(120) NOT NULL , [EvidenceMetric] decimal(38,4) NULL , [Evidence] nvarchar(1000) NOT NULL , [EvidenceLimit] nvarchar(1000) NOT NULL , [RecommendedNextCheck] nvarchar(1000) NOT NULL",Keine fachlichen Ergebnisse
USP_ServerFeatureCapabilities,capabilities,1,1,1,#ServerFeatureCapabilities_Capabilities,1,"[ScopeName] nvarchar(128) NOT NULL , [FeatureName] nvarchar(128) NOT NULL , [AvailabilityStatus] varchar(40) NOT NULL , [LogicPath] nvarchar(256) NULL , [MinimumKnownMajorVersion] int NULL , [SourceObject] nvarchar(512) NULL , [Detail] nvarchar(2000) NULL , [RequiredPermission] nvarchar(512) NULL",Keine fachlichen Ergebnisse
USP_SpecialFeatureInventory,features,1,1,1,#SpecialFeatureInventory_FeatureInventory,1,"[DatabaseName] sysname COLLATE SQL_Latin1_General_CP1_CS_AS NOT NULL , [FeatureCode] varchar(64) NOT NULL , [FeatureFamily] nvarchar(120) NOT NULL , [DetectionStatus] varchar(40) NOT NULL , [DetectedItemCount] bigint NULL , [ConfigurationState] nvarchar(120) NULL , [SourceObjects] nvarchar(1000) NOT NULL , [RecommendedModule] sysname NULL , [RecommendedModuleStatus] varchar(40) NOT NULL , [EvidenceLimit] nvarchar(1000) NOT NULL",Keine fachlichen Ergebnisse
USP_InMemoryOltpAnalysis,findings,1,1,1,#InMemoryOltpAnalysis_Findings,1,"[FindingOrdinal] bigint IDENTITY(1,1) NOT NULL , [DatabaseName] sysname NULL , [SchemaName] sysname NULL , [ObjectName] sysname NULL , [IndexName] sysname NULL , [Severity] varchar(16) NOT NULL , [Confidence] varchar(16) NOT NULL , [FindingCode] varchar(120) NOT NULL , [MetricName] varchar(80) NOT NULL , [MetricValue] decimal(38,4) NULL , [ThresholdValue] decimal(38,4) NULL , [Evidence] nvarchar(1000) NOT NULL , [EvidenceLimit] nvarchar(1000) NOT NULL , [RecommendedNextCheck] nvarchar(1000) NOT NULL",Keine fachlichen Ergebnisse
USP_TemporalAnalysis,findings,1,1,1,#TemporalAnalysis_Findings,1,"[FindingOrdinal] bigint IDENTITY(1,1) NOT NULL , [DatabaseName] sysname NULL , [SchemaName] sysname NULL , [ObjectName] sysname NULL , [HistorySchemaName] sysname NULL , [HistoryTableName] sysname NULL , [Severity] varchar(16) NOT NULL , [Confidence] varchar(16) NOT NULL , [FindingCode] varchar(120) NOT NULL , [MetricName] varchar(80) NOT NULL , [MetricValue] decimal(38,4) NULL , [ThresholdValue] decimal(38,4) NULL , [Evidence] nvarchar(1000) NOT NULL , [EvidenceLimit] nvarchar(1000) NOT NULL , [RecommendedNextCheck] nvarchar(1000) NOT NULL",Keine fachlichen Ergebnisse
USP_ServiceBrokerAnalysis,findings,1,1,1,#ServiceBrokerAnalysis_Findings,1,"[FindingOrdinal] bigint IDENTITY(1,1) NOT NULL , [DatabaseName] sysname NULL , [SchemaName] sysname NULL , [ObjectName] sysname NULL , [Severity] varchar(16) NOT NULL , [Confidence] varchar(16) NOT NULL , [FindingCode] varchar(120) NOT NULL , [MetricName] varchar(80) NOT NULL , [MetricValue] decimal(38,4) NULL , [ThresholdValue] decimal(38,4) NULL , [Evidence] nvarchar(1000) NOT NULL , [EvidenceLimit] nvarchar(1000) NOT NULL , [RecommendedNextCheck] nvarchar(1000) NOT NULL",Keine fachlichen Ergebnisse
USP_FullTextAnalysis,findings,1,1,1,#FullTextAnalysis_Findings,1,"[FindingOrdinal] bigint IDENTITY(1,1) NOT NULL , [DatabaseName] sysname NULL , [SchemaName] sysname NULL , [ObjectName] sysname NULL , [Severity] varchar(16) NOT NULL , [Confidence] varchar(16) NOT NULL , [FindingCode] varchar(120) NOT NULL , [MetricName] varchar(80) NOT NULL , [MetricValue] decimal(38,4) NULL , [ThresholdValue] decimal(38,4) NULL , [Evidence] nvarchar(1000) NOT NULL , [EvidenceLimit] nvarchar(1000) NOT NULL , [RecommendedNextCheck] nvarchar(1000) NOT NULL",Keine fachlichen Ergebnisse
USP_DataCaptureDeepAnalysis,findings,1,1,1,#DataCaptureDeepAnalysis_Findings,1,"[FindingOrdinal] bigint IDENTITY(1,1) NOT NULL , [DatabaseName] sysname NULL , [SchemaName] sysname NULL , [ObjectName] sysname NULL , [Severity] varchar(16) NOT NULL , [Confidence] varchar(16) NOT NULL , [FindingCode] varchar(120) NOT NULL , [MetricName] varchar(80) NOT NULL , [MetricValue] decimal(38,4) NULL , [ThresholdValue] decimal(38,4) NULL , [Evidence] nvarchar(1000) NOT NULL , [EvidenceLimit] nvarchar(1000) NOT NULL , [RecommendedNextCheck] nvarchar(1000) NOT NULL",Keine fachlichen Ergebnisse
USP_EncryptionAnalysis,databases,1,1,1,#EncryptionAnalysis_Encryption,1,"[DatabaseId] int NOT NULL PRIMARY KEY , [DatabaseName] sysname NOT NULL , [IsEncrypted] bit NULL , [EncryptionState] int NULL , [EncryptionStateDesc] nvarchar(60) NULL , [PercentComplete] real NULL , [EncryptionScanState] int NULL , [EncryptionScanStateDesc] nvarchar(60) NULL , [EncryptionScanModifyDate] datetime NULL , [KeyAlgorithm] nvarchar(32) NULL , [KeyLength] int NULL , [EncryptorType] nvarchar(32) NULL , [ProtectorName] sysname NULL , [ProtectorExpiryDate] datetime NULL , [ProtectorPrivateKeyLastBackupDate] datetime NULL , [LatestFullBackupFinishDate] datetime NULL , [LatestFullBackupExplicitlyEncrypted] bit NULL , [LatestFullBackupAlgorithm] nvarchar(32) NULL , [LatestFullBackupEncryptorType] nvarchar(32) NULL , [ColumnMasterKeyCount] bigint NULL , [ColumnEncryptionKeyCount] bigint NULL , [EncryptedColumnCount] bigint NULL , [LedgerTableCount] bigint NULL , [FindingCode] varchar(100) NULL , [FindingSeverity] varchar(16) NULL , [EvidenceLimit] nvarchar(1000) NULL",Keine fachlichen Ergebnisse
